<?xml version="1.0" encoding="utf-8"?>
<odoo>
    <data noupdate="0">
        <!-- Email template for reset password -->
        <record id="appointment_template_mail" model="mail.template">
            <field name="name">Appointment Template</field>
            <field name="model_id" ref="om_hospital.model_hospital_appointment"/>
            <field name="subject">Appointment Details</field>
            <field name="email_from">{{ user.email }}</field>
            <field name="email_to">{{ object.patient_id.email }}</field>
            <field name="body_html" type="html">
                <table border="0" cellpadding="0" cellspacing="0"
                       style="padding-top: 16px; background-color: #F1F1F2; font-family:Verdana, Arial,sans-serif; color: #454748; width: 100%; border-collapse:separate;">
                    <tr>
                        <td align="center">
                            <table border="0" cellpadding="0" cellspacing="0" width="590"
                                   style="padding: 16px; background-color: white; color: #454748; border-collapse:separate;">
                                <tbody>
                                    <!-- HEADER -->
                                    <tr>
                                        <td align="center" style="min-width: 590px;">
                                            <table border="0" cellpadding="0" cellspacing="0" width="590"
                                                   style="min-width: 590px; background-color: white; padding: 0px 8px 0px 8px; border-collapse:separate;">
                                                <tr>
                                                    <td colspan="2" style="text-align:center;">
                                                        <hr width="100%"
                                                            style="background-color:rgb(204,204,204);border:medium none;clear:both;display:block;font-size:0px;min-height:1px;line-height:0; margin: 16px 0px 16px 0px;"/>
                                                    </td>
                                                </tr>
                                            </table>
                                        </td>
                                    </tr>
                                    <!-- CONTENT -->
                                    <tr>
                                        <td align="center" style="min-width: 590px;">
                                            <table border="0" cellpadding="0" cellspacing="0" width="590"
                                                   style="min-width: 590px; background-color: white; padding: 0px 8px 0px 8px; border-collapse:separate;">
                                                <tr>
                                                    <td valign="top" style="font-size: 13px;">
                                                        <div>
                                                            Dear <t t-out="object.patient_id.name"></t>,
                                                            <br/>
                                                            <br/>
                                                            Your appointment has been successfully booked on
                                                            <t t-out="object.appointment_time or ''"/>
                                                            <br/>
                                                            Reference number
                                                            <t t-out="object.name or ''"/>
                                                            <br/>
                                                            <br/>
                                                            Thanks,
                                                            <t t-if="user.signature">
                                                                <br/>
                                                                <t t-out="user.signature"><br/><t t-out="user.name"/>
                                                            </t>
                                                            </t>
                                                        </div>
                                                    </td>
                                                </tr>
                                                <tr>
                                                    <td style="text-align:center;">
                                                        <hr width="100%"
                                                            style="background-color:rgb(204,204,204);border:medium none;clear:both;display:block;font-size:0px;min-height:1px;line-height:0; margin: 16px 0px 16px 0px;"/>
                                                    </td>
                                                </tr>
                                            </table>
                                        </td>
                                    </tr>
                                    <!-- FOOTER -->
                                    <tr>
                                        <td align="center" style="min-width: 590px;">
                                            <table border="0" cellpadding="0" cellspacing="0" width="590"
                                                   style="min-width: 590px; background-color: white; font-size: 11px; padding: 0px 8px 0px 8px; border-collapse:separate;">
                                                <tr>
                                                    <td valign="middle" align="left">
                                                        <t t-out="object.company_id.name or ''">YourCompany</t>
                                                    </td>
                                                </tr>
                                                <tr>
                                                    <td valign="middle" align="left" style="opacity: 0.7;">
                                                        <t t-out="object.company_id.phone or ''">+1 650-123-4567</t>
                                                        <t t-if="object.company_id.email">
                                                            |
                                                            <a t-att-href="'mailto:%s' % object.company_id.email"
                                                               style="text-decoration:none; color: #454748;"
                                                               t-out="object.company_id.email or ''">
                                                                info@yourcompany.com
                                                            </a>
                                                        </t>

                                                    </td>
                                                </tr>
                                            </table>
                                        </td>
                                    </tr>
                                </tbody>
                            </table>
                        </td>
                    </tr>
                </table>
            </field>
            <field name="auto_delete" eval="True"/>
        </record>
    </data>
</odoo>