<odoo>
    <data noupdate="1">

        <record id="patient_1" model="patient.tag" forcecreate="0">
            <field name="name">Mohamed</field>
        </record>

        <record id="patient_2" model="patient.tag" forcecreate="0">
            <field name="name">Mazen</field>
            <field name="color">4</field>
        </record>

        <record id="patient_3" model="patient.tag">
            <field name="name">Doha</field>
            <field name="color">5</field>
            <field name="active" eval="False"/>
        </record>

        <record id="patient_4" model="patient.tag">
            <field name="name">Nada</field>
            <field name="color">2</field>
            <field name="active" eval="True"/>
        </record>
    </data>

</odoo>